{
	"name"			: "TosRUs",
	"version"		: "2.5.0",
	"title"			: "jQuery Touch Optimized Sliders R Us",
	"description"	: "The one-stop-shop jQuery plugin for scrolling/swiping through all different kinds of content. On a desktop, tablet or smartphone, inside a HTML element or as a lightbox popup.",
	"homepage"		: "http://tosrus.frebsite.nl",
	"author"		: {
		"name"	: "Fred Heusschen",
		"url"	: "http://www.frebsite.nl"
	},
	"licenses"		: [{
		"type"	: "MIT",
		"url"	: "http://opensource.org/licenses/MIT"
	}],
	"dependencies"	: {
		"jquery": ">=1.7.0"
	}
}
